Model,entity_preservation_rate,dosage_preservation_rate,hallucination_rate,bleu_score,rouge_1,rouge_2,rouge_l,sari_score,bert_score_f1,flesch_kincaid_grade,avg_word_length,avg_sentence_length,compression_ratio,safety_rate
SafeSim,100.0%,100.0%,0.0%,0.290,0.527,0.36031108245117105,0.48177309575650706,0.284,,9.779,4.902561906973478,11.534519841269843,1.0058912237224404,99.7%
BART,99.7%,99.7%,0.0%,0.246,0.487,0.32803248851915756,0.4423991907851801,0.329,,9.051,4.904451690220636,9.744666666666667,1.031950650639557,N/A
T5,100.0%,100.0%,0.0%,0.155,0.311,0.20017032613629554,0.2862474385703811,0.284,,10.801,4.683946915033512,15.626222222222223,1.2607506349859385,N/A
